,sentence,True_label,Pred_label
0,"no one goes unindicted here , which is probably for the best .",1,1
1,"a warm , funny , engaging film .",2,2
2,"uses sharp humor and insight into human nature to examine class conflict , adolescent yearning , the roots of friendship and sexual identity .",2,2
3,"half submarine flick , half ghost story , all in one criminally neglected film",1,0
4,"dazzles with its fully-written characters , its determined stylishness -lrb- which always relates to characters and story -rrb- and johnny dankworth 's best soundtrack in years .",2,2
5,"visually imaginative , thematically instructive and thoroughly delightful , it takes us on a roller-coaster ride from innocence to experience without even a hint of that typical kiddie-flick sentimentality .",2,2
6,"unlike the speedy wham-bam effect of most hollywood offerings , character development -- and more importantly , character empathy -- is at the heart of italian for beginners .",2,2
7,a beguiling splash of pastel colors and prankish comedy from disney .,2,2
8,"as surreal as a dream and as detailed as a photograph , as visually dexterous as it is at times imaginatively overwhelming .",2,2
9,the film serves as a valuable time capsule to remind us of the devastating horror suffered by an entire people .,1,2
10,"it provides the grand , intelligent entertainment of a superior cast playing smart people amid a compelling plot .",2,2
11,a deep and meaningful film .,2,2
12,the film 's welcome breeziness and some unbelievably hilarious moments -- most portraying the idiocy of the film industry -- make it mostly worth the trip .,2,2
13,it 's a remarkably solid and subtly satirical tour de force .,2,2
14,enormously entertaining for moviegoers of any age .,2,2
15,"a poignant , artfully crafted meditation on mortality .",2,2
16,a rarity among recent iranian films : it 's a comedy full of gentle humor that chides the absurdity of its protagonist 's plight .,2,2
17,"not only is undercover brother as funny , if not more so , than both austin powers films , but it 's also one of the smarter , savvier spoofs to come along in some time .",2,2
18,"in a way , the film feels like a breath of fresh air , but only to those that allow it in .",2,2
19,"the inhospitability of the land emphasizes the spare precision of the narratives and helps to give them an atavistic power , as if they were tales that had been handed down since the beginning of time .",1,2
20,"-lrb- næs -rrb- directed the stage version of elling , and gets fine performances from his two leads who originated the characters on stage .",2,2
21,"a coda in every sense , the pinochet case splits time between a minute-by-minute account of the british court 's extradition chess game and the regime 's talking-head survivors .",2,1
22,"like mike is a winner for kids , and no doubt a winner for lil bow wow , who can now add movies to the list of things he does well .",2,2
23,here 's yet another studio horror franchise mucking up its storyline with glitches casual fans could correct in their sleep .,0,0
24,"while the stoically delivered hokum of hart 's war is never fun , it 's still a worthy addition to the growing canon of post-saving private ryan tributes to the greatest generation .",1,2
25,a sober and affecting chronicle of the leveling effect of loss .,1,2
26,"a fast , funny , highly enjoyable movie .",2,2
27,"a smart , witty follow-up .",2,2
28,"while the ideas about techno-saturation are far from novel , they 're presented with a wry dark humor .",2,2
29,"although occasionally static to the point of resembling a stage play , the film delivers a solid mixture of sweetness and laughs .",1,2
30,"add yet another hat to a talented head , clooney 's a good director .",2,2
31,"ultimately feels empty and unsatisfying , like swallowing a communion wafer without the wine .",0,0
32,it 's a coming-of-age story we 've all seen bits of in other films -- but it 's rarely been told with such affecting grace and cultural specificity .,1,2
33,a literate presentation that wonderfully weaves a murderous event in 1873 with murderous rage in 2002 .,2,2
34,makes even the claustrophobic on-board quarters seem fun .,1,2
35,"this is as respectful a film as byatt fans could hope for , though lovers of the book may wonder why it 's necessary .",1,2
36,one of the best films of the year with its exploration of the obstacles to happiness faced by five contemporary individuals ... a psychological masterpiece .,2,2
37,it 's refreshing to see a girl-power movie that does n't feel it has to prove anything .,2,2
38,a quiet treasure -- a film to be savored .,2,2
39,"may not have generated many sparks , but with his affection for astoria and its people he has given his tale a warm glow .",1,2
40,a delirious celebration of the female orgasm .,1,2
41,"exquisitely nuanced in mood tics and dialogue , this chamber drama is superbly acted by the deeply appealing veteran bouquet and the chilling but quite human berling .",2,2
42,leigh 's film is full of memorable performances from top to bottom .,2,2
43,one of the most significant moviegoing pleasures of the year .,2,2
44,"jose campanella delivers a loosely autobiographical story brushed with sentimentality but brimming with gentle humor , bittersweet pathos , and lyric moments that linger like snapshots of memory .",2,2
45,the movie is beautiful to behold and engages one in a sense of epic struggle -- inner and outer -- that 's all too rare in hollywood 's hastier productions .,2,2
46,"not only are the special effects and narrative flow much improved , and daniel radcliffe more emotionally assertive this time around as harry , but the film conjures the magic of author j.k. rowling 's books .",2,2
47,"beautifully observed , miraculously unsentimental comedy-drama .",2,2
48,"a must-see for the david mamet enthusiast and for anyone who appreciates intelligent , stylish moviemaking .",2,2
49,"crackerjack entertainment -- nonstop romance , music , suspense and action .",2,2
50,"the acting , costumes , music , cinematography and sound are all astounding given the production 's austere locales .",2,2
51,"far more imaginative and ambitious than the trivial , cash-in features nickelodeon has made from its other animated tv series .",2,2
52,"a gripping , searing portrait of a lost soul trying to find her way through life .",1,2
53,suffers from the lack of a compelling or comprehensible narrative .,0,0
54,"still , as a visual treat , the film is almost unsurpassed .",2,2
55,"at a time when half the so-called real movies are little more than live-action cartoons , it 's refreshing to see a cartoon that knows what it is , and knows the form 's history .",2,2
56,"hoffman notches in the nuances of pain , but his smart , edgy voice and waddling profile -lrb- emphasized here -rrb- accent the humor of wilson 's plight , and that saves his pathos from drippiness .",1,2
57,the second coming of harry potter is a film far superior to its predecessor .,2,2
58,84 minutes of rolling musical back beat and supercharged cartoon warfare .,1,2
59,"it 's also , clearly , great fun .",2,2
60,"a warm but realistic meditation on friendship , family and affection .",2,2
61,people cinema at its finest .,2,2
62,the performances take the movie to a higher level .,2,2
63,"what really makes it special is that it pulls us into its world , gives us a hero whose suffering and triumphs we can share , surrounds him with interesting characters and sends us out of the theater feeling we 've shared a great adventure .",2,2
64,"manages to transcend the sex , drugs and show-tunes plot into something far richer .",2,2
65,"altogether , this is successful as a film , while at the same time being a most touching reconsideration of the familiar masterpiece .",2,2
66,the best film about baseball to hit theaters since field of dreams .,2,2
67,"if the count of monte cristo does n't transform caviezel into a movie star , then the game is even more rigged than it was two centuries ago .",1,0
68,"as a tolerable diversion , the film suffices ; a triumph , however , it is not .",1,1
69,"all in all , the count of monte cristo is okay , but it is surely no classic , like the novel upon which it is based .",1,1
70,"looking aristocratic , luminous yet careworn in jane hamilton 's exemplary costumes , rampling gives a performance that could not be improved upon . '",2,2
71,"on this tricky topic , tadpole is very much a step in the right direction , with its blend of frankness , civility and compassion .",2,2
72,montias ... pumps a lot of energy into his nicely nuanced narrative and surrounds himself with a cast of quirky -- but not stereotyped -- street characters .,2,2
73,the film 's performances are thrilling .,2,2
74,"unfortunately , it appears that -lrb- jackie -rrb- chan 's us influence is starting to show in his hong kong films .",1,1
75,"a big , gorgeous , sprawling swashbuckler that delivers its diversions in grand , uncomplicated fashion .",2,2
76,a stunning and overwhelmingly cogent case for kissinger as a calculating war criminal .,1,2
77,"chilling but uncommercial look into the mind of jeffrey dahmer , serial killer .",1,1
78,"thanks to scott 's charismatic roger and eisenberg 's sweet nephew , roger dodger is one of the most compelling variations on in the company of men .",2,2
79,"nine queens is not only than a frighteningly capable debut and genre piece , but also a snapshot of a dangerous political situation on the verge of coming to a head .",2,2
80,it 's the chemistry between the women and the droll scene-stealing wit and wolfish pessimism of anna chancellor that makes this `` two weddings and a funeral '' fun .,2,2
81,will amuse and provoke adventurous adults in specialty venues .,2,2
82,you do n't have to know about music to appreciate the film 's easygoing blend of comedy and romance .,2,2
83,the film 's snags and stumblings are more than compensated for by its wryly subversive tone .,1,2
84,"the old-world - meets-new mesh is incarnated in the movie 's soundtrack , a joyful effusion of disco bollywood that , by the end of monsoon wedding , sent my spirit soaring out of the theater .",2,2
85,"an effectively creepy , fear-inducing -lrb- not fear-reducing -rrb- film from japanese director hideo nakata , who takes the superstitious curse on chain letters and actually applies it .",2,2
86,"having had the good sense to cast actors who are , generally speaking , adored by the movie-going public , khouri then gets terrific performances from them all .",2,2
87,"warm water under a red bridge is a quirky and poignant japanese film that explores the fascinating connections between women , water , nature , and sexuality .",2,2
88,"a delectable and intriguing thriller filled with surprises , read my lips is an original .",2,2
89,"maud and roland 's search for an unknowable past makes for a haunting literary detective story , but labute pulls off a neater trick in possession : he makes language sexy .",2,2
90,"pacino is brilliant as the sleep-deprived dormer , his increasing weariness as much existential as it is physical .",2,2
91,manages to be sweet and wickedly satisfying at the same time .,2,2
92,"and just when you think it ca n't get any more gay , in pops nathan lane .",1,1
93,"no sophomore slump for director sam mendes , who segues from oscar winner to oscar-winning potential with a smooth sleight of hand .",2,2
94,"the movie is n't just hilarious : it 's witty and inventive , too , and in hindsight , it is n't even all that dumb .",2,2
95,old-form moviemaking at its best .,2,2
96,yakusho and shimizu ... create engaging characterizations in imamura 's lively and enjoyable cultural mix .,2,2
97,"ruzowitzky has taken this mothball-y stuff and made a rather sturdy , old-fashioned entertainment out of it .",1,2
98,"in spite of good housekeeping 's unsavory characters and wwf mentality , this white trash war of the roses is a surprisingly engaging film .",1,2
99,"for the most part , director anne-sophie birot 's first feature is a sensitive , extraordinarily well-acted drama .",2,2
100,"by the time we learn that andrew 's turnabout is fair play is every bit as awful as borchardt 's coven , we can enjoy it anyway .",1,0
101,"for the most part , it 's a work of incendiary genius , steering clear of knee-jerk reactions and quick solutions .",2,2
102,huppert 's superbly controlled display of murderous vulnerability ensures that malice has a very human face .,1,2
103,"if i had been thinking about the visual medium , they would have been doing something wrong .",1,0
104,one of the more intelligent children 's movies to hit theaters this year .,2,2
105,remember the kind of movie we were hoping `` ecks vs. sever '' or `` xxx '' was going to be ?,1,1
106,this is it .,1,0
107,"not for the prurient or squeamish , it 's a daring if overlong examination of an idolized culture , self-loathing and sexual politics .",1,1
108,"the film 's almost unbearable portrait of sadness and grief transcends its specific story to speak to the ways in which need , history and presumption tangle , and sometimes destroy , blood ties .",1,1
109,it inspires a continuing and deeply satisfying awareness of the best movies as monumental ` picture shows . ',2,2
110,"awesome creatures , breathtaking scenery , and epic battle scenes add up to another ` spectacular spectacle . '",2,2
111,it 's unnerving to see recoing 's bizzarre reaction to his unemployment .,1,0
112,"much as we might be interested in gratuitous sexualization , haneke has a different objective in mind -- namely the implications of our craving for fake stimulation .",1,1
113,"dazzling in its complexity , disturbing for its extraordinary themes , the piano teacher is a film that defies categorisation .",2,2
114,"it haunts , horrifies , startles and fascinates ; it is impossible to look away .",2,2
115,"ah yes , and then there 's the music ...",1,2
116,"although jackson is doubtless reserving the darkest hours for the return of the king , we long for a greater sense of urgency in the here and now of the two towers .",1,1
117,"it will not appeal to the impatient , but those who like long books and movies will admire the way it accumulates power and depth .",1,2
118,this flick is about as cool and crowd-pleasing as a documentary can get .,2,2
119,"`` the ring '' is pretty much an english-language copy of the film that inspired it , and it carries the same strengths and flaws .",1,1
120,griffiths proves she 's that rare luminary who continually raises the standard of her profession .,2,2
121,"prancing his way through the tailor-made part of a male hooker approaching the end of his vitality , jagger obviously relishes every self-mocking moment .",1,2
122,"an important movie , a reminder of the power of film to move us and to make us examine our values .",2,2
123,is this love or is it masochism ?,1,1
124,binoche makes it interesting trying to find out .,2,2
125,the mesmerizing performances of the leads keep the film grounded and keep the audience riveted .,2,2
126,two hours fly by -- opera 's a pleasure when you do n't have to endure intermissions -- and even a novice to the form comes away exhilarated .,2,2
127,candid camera on methamphetamines .,1,1
128,equilibrium is what george orwell might have imagined had today 's mood-altering drug therapy been envisioned by chemists in 1949 .,1,1
129,"creepy , authentic and dark .",1,2
130,this disturbing bio-pic is hard to forget .,1,0
131,"martin and barbara are complex characters -- sometimes tender , sometimes angry -- and the delicate performances by sven wollter and viveka seldahl make their hopes and frustrations vivid .",2,2
132,"a twisty , moody slice of southern gothic ...",1,2
133,it 's so good that you can practically see the hollywood ` suits ' trying to put together the cast and filmmaking team for the all-too - inevitable american remake .,1,2
134,` they ' begins and ends with scenes so terrifying i 'm still stunned .,1,1
135,and i 've decided to leave a light on every night from now on .,1,1
136,beneath clouds is a succinct low-budget film whose compelling characters and intelligent script are exactly what was missing from rabbit-proof fence .,1,2
137,"the film is a contrivance , as artificial as the video games japanese teens play in a nightclub sequence , but it 's an enjoyable one .",1,1
138,holm ... embodies the character with an effortlessly regal charisma .,2,2
139,"it is amusing , and that 's all it needs to be .",2,2
140,among the year 's most intriguing explorations of alientation .,2,2
141,seldom has a movie so closely matched the spirit of a man and his work .,2,2
142,"the movie has an infectious exuberance that will engage anyone with a passing interest in the skate\/surf culture , the l.a. beach scene and the imaginative -lrb- and sometimes illegal -rrb- ways kids can make a playground out of the refuse of adults .",2,2
143,forgettable horror -- more gory than psychological -- with a highly satisfying quotient of friday-night excitement and milla power .,1,2
144,"it may seem long at 110 minutes if you 're not a fan , because it includes segments of 12 songs at a reunion concert .",1,1
145,"a lean , deftly shot , well-acted , weirdly retro thriller that recalls a raft of '60s and '70s european-set spy pictures .",2,2
146,one of the smartest takes on singles culture i 've seen in a long time .,2,2
147,"holy mad maniac in a mask , splat-man !",1,0
148,"the french are rather good at this kind of thing , unlike the americans , who have a passion for musketeers , only to spoof them .",1,1
149,"maneuvers skillfully through the plot 's hot brine -- until it 's undone by the sogginess of its contemporary characters , and actors .",1,1
150,"it has the ability to offend and put off everyone , but it holds you with its outrageousness .",1,2
151,"anchored by friel and williams 's exceptional performances , the film 's power lies in its complexity .",2,2
152,nothing is black and white .,1,1
153,it 's a charming and often affecting journey .,2,2
154,no screen fantasy-adventure in recent memory has the showmanship of clones ' last 45 minutes .,2,1
155,"a poignant and compelling story about relationships , food of love takes us on a bumpy but satisfying journey of the heart .",2,2
156,uses high comedy to evoke surprising poignance .,2,2
157,it confirms fincher 's status as a film maker who artfully bends technical know-how to the service of psychological insight .,2,2
158,"vera 's three actors -- mollà , gil and bardem -- excel in insightful , empathetic performances .",2,2
159,"mr. tsai is a very original artist in his medium , and what time is it there ?",2,2
160,should be seen at the very least for its spasms of absurdist humor .,1,1
161,writer\/director mark romanek spotlights the underlying caste system in america .,1,1
162,it 's a scathing portrayal .,1,0
163,"this is a good script , good dialogue , funny even for adults .",2,2
164,the characters are interesting and often very creatively constructed from figure to backstory .,2,2
165,"not a film to rival to live , but a fine little amuse-bouche to keep your appetite whetted .",1,2
166,what time is it there ?,1,1
167,is not easy .,1,1
168,"although the level of the comedy declines as the movie proceeds , there 's no denying the fun of watching de niro and crystal having fun .",1,2
169,"claude chabrol has here a thriller without thrills , but that 's okay .",1,1
170,"for movie lovers as well as opera lovers , tosca is a real treat .",2,2
171,"challenging , intermittently engrossing and unflaggingly creative .",2,2
172,but it 's too long and too convoluted and it ends in a muddle .,0,0
173,` easily my choice for one of the year 's best films . ',2,2
174,"the movie is for fans who ca n't stop loving anime , and the fanatical excess built into it .",1,2
175,"a densely constructed , highly referential film , and an audacious return to form that can comfortably sit among jean-luc godard 's finest work .",2,2
176,michael gerbosi 's script is economically packed with telling scenes .,2,2
177,a strangely compelling and brilliantly acted psychological drama .,2,2
178,candid and comfortable ; a film that deftly balances action and reflection as it lets you grasp and feel the passion others have for their work .,2,2
179,"open-minded kids -- kids who read , kids who dream -- will be comforted by the way it deals with big issues like death and destiny .",1,2
180,"bennett 's naturalistic performance speaks volumes more truth than any ` reality ' show , and anybody contemplating their own drastic life changes should watch some body first .",2,2
181,"... a good , if not entirely fresh , look at war .",1,2
182,"the film is powerful , accessible and funny .",2,2
183,"you wo n't miss its messages , but you 'll be entertained as well .",1,2
184,if you dig on david mamet 's mind tricks ... rent this movie and enjoy !,2,2
185,it 's like watching a nightmare made flesh .,0,1
186,"it is the sheer , selfish , wound-licking , bar-scrapping doggedness of leon 's struggle to face and transmute his demons that makes the movie a spirited and touching occasion , despite its patchy construction .",1,2
187,"a gorgeous , high-spirited musical from india that exquisitely blends music , dance , song , and high drama .",2,2
188,-lrb- majidi -rrb- makes us think twice about immigrants we see around us every day .,1,1
189,"i have no way of knowing exactly how much is exaggeration , but i 've got a creepy feeling that the film is closer to the mark than i want to believe .",1,1
190,"a simple , but gritty and well-acted ensemble drama that encompasses a potent metaphor for a country still dealing with its fascist past .",2,2
191,lovely and poignant .,2,2
192,"i ca n't say that i liked homeboy ; it 'd be more accurate to say that i found it intriguing , bizarre , dogma-like in spots - and quite truthful , in its way .",1,2
193,not since japanese filmmaker akira kurosawa 's ran have the savagery of combat and the specter of death been visualized with such operatic grandeur .,2,2
194,we learn a lot about dying coral and see a lot of life on the reef .,1,2
195,"if the first men in black was money , the second is small change .",0,1
196,i just loved every minute of this film .,2,2
197,"this is a winning ensemble comedy that shows canadians can put gentle laughs and equally gentle sentiments on the button , just as easily as their counterparts anywhere else in the world .",2,2
198,my wife is an actress is an utterly charming french comedy that feels so american in sensibility and style it 's virtually its own hollywood remake .,2,2
199,"a muckraking job , the cinematic equivalent of a legal indictment , and a fairly effective one at that .",1,1
200,"a tender , witty , captivating film about friendship , love , memory , trust and loyalty .",2,2
201,"belongs to daniel day-lewis as much as it belongs to martin scorsese ; it 's a memorable performance in a big , brassy , disturbing , unusual and highly successful film .",2,2
202,"an exhilarating futuristic thriller-noir , minority report twists the best of technology around a gripping story , delivering a riveting , pulse intensifying escapist adventure of the first order",2,2
203,"a psychological thriller with a genuinely spooky premise and an above-average cast , actor bill paxton 's directing debut is a creepy slice of gothic rural americana .",2,2
204,few films capture so perfectly the hopes and dreams of little boys on baseball fields as well as the grown men who sit in the stands .,2,2
205,it 's the perfect kind of film to see when you do n't want to use your brain .,1,2
206,at all .,1,1
207,"while it regards 1967 as the key turning point of the 20th century , and returns again and again to images of dissidents in the streets , it 's alarmingly current .",1,1
208,"feature debuter d.j. caruso directs a crack ensemble cast , bringing screenwriter tony gayton 's narcotics noir to life .",2,2
209,"stephen rea , aidan quinn , and alan bates play desmond 's legal eagles , and when joined by brosnan , the sight of this grandiloquent quartet lolling in pretty irish settings is a pleasant enough thing , ` tis .",2,2
210,"director of photography benoit delhomme shot the movie in delicious colors , and the costumes and sets are grand .",2,2
211,"the film is quiet , threatening and unforgettable .",2,2
212,"deliriously funny , fast and loose , accessible to the uninitiated , and full of surprises",2,2
213,more concerned with sade 's ideas than with his actions .,1,1
214,the most compelling wiseman epic of recent years .,2,2
215,"... brian de palma is utterly mad : cinema mad , set-piece mad , style mad .",1,1
216,generally provides its target audience of youngsters enough stimulating eye and ear candy to make its moral medicine go down .,1,2
217,there are some wonderfully fresh moments that smooth the moral stiffness with human kindness and hopefulness .,2,2
218,-lrb- a -rrb- n utterly charming and hilarious film that reminded me of the best of the disney comedies from the 60s .,2,2
219,"preaches to two completely different choirs at the same time , which is a pretty amazing accomplishment .",2,2
220,"more romantic , more emotional and ultimately more satisfying than the teary-eyed original .",2,2
221,an appealingly juvenile trifle that delivers its share of laughs and smiles .,1,2
222,"writer-director 's mehta 's effort has tons of charm and the whimsy is in the mixture , the intoxicating masala , of cultures and film genres .",2,2
223,the draw -lrb- for `` big bad love '' -rrb- is a solid performance by arliss howard .,2,2
224,the terrific and bewilderingly underrated campbell scott gives a star performance that is nothing short of mesmerizing .,2,2
225,this movie is a snow emergency .,1,1
226,like mike is n't interested in recycling old cliches .,1,0
227,smith is careful not to make fun of these curious owners of architectural oddities .,1,1
228,"instead , he shows them the respect they are due .",2,2
229,a mess when it comes to the characters and writing ... but works its way underneath the skin like few movies have in recent memory .,1,1
230,"if you 're in the mood for a bollywood film , here 's one for you .",1,2
231,"as the two leads , lathan and diggs are charming and have chemistry both as friends and lovers .",2,2
232,"a beguiling , slow-moving parable about the collision of past and present on a remote seacoast in iran .",1,2
233,my big fat greek wedding uses stereotypes in a delightful blend of sweet romance and lovingly dished out humor .,2,2
234,kept aloft largely by a comically adept ensemble .,1,2
235,atom egoyan has conjured up a multilayered work that tackles any number of fascinating issues,2,2
236,"essentially an exceptionally well-written , well-edited , well-directed , well-acted , bald rip-off of aliens .",1,2
237,` de niro ... is a veritable source of sincere passion that this hollywood contrivance orbits around . ',2,2
238,"the whole is quite entertaining , but despite its virtues , there is an unsettled feeling to the film .",1,1
239,"based on a devilishly witty script by heather mcgowan and niels mueller , the film gets great laughs , but never at the expense of its characters",2,2
240,"if you 've ever wondered what an ending without the input of studio executives or test audiences would look like , here it is .",1,1
241,if you enjoy more thoughtful comedies with interesting conflicted characters ; this one is for you .,2,2
242,"a breezy romantic comedy that has the punch of a good sitcom , while offering exceptionally well-detailed characters .",2,2
243,a romantic comedy enriched by a sharp eye for manners and mores .,2,2
244,viewers of `` the ring '' are more likely to remember the haunting images than the plot holes .,1,1
245,"one of those energetic surprises , an original that pleases almost everyone who sees it .",2,2
246,an exquisitely crafted and acted tale .,2,2
247,likely to expertly drum up repressed teenage memories in any viewer .,1,2
248,blanchett 's performance confirms her power once again .,2,2
249,... a magnificent drama well worth tracking down .,2,2
250,the movie understands like few others how the depth and breadth of emotional intimacy give the physical act all of its meaning and most of its pleasure .,2,2
251,"the movie occasionally threatens to become didactic , but it 's too grounded in the reality of its characters to go over the edge .",1,1
252,a touch of humor or an unexpected plot twist always pulls it back .,1,2
253,filmmakers who can deftly change moods are treasures and even marvels .,2,2
254,if steven soderbergh 's ` solaris ' is a failure it is a glorious failure .,2,0
255,"`` mostly martha '' is a bright , light modern day family parable that wears its heart on its sleeve for all to see .",2,2
256,"featuring a dangerously seductive performance from the great daniel auteuil , `` sade '' covers the same period as kaufmann 's `` quills '' with more unsettlingly realistic results .",2,2
257,"a spellbinding african film about the modern condition of rootlessness , a state experienced by millions around the globe .",2,2
258,"a moody , multi-dimensional love story and sci-fi mystery , solaris is a thought-provoking , haunting film that allows the seeds of the imagination to germinate .",2,2
259,"a very well-made , funny and entertaining picture .",2,2
260,"its maker , steven spielberg , has n't had so much fun in two decades , since he was schlepping indiana jones around the globe in search of a giant misplaced ashtray .",1,2
261,brilliantly explores the conflict between following one 's heart and following the demands of tradition .,2,2
262,this remake gets all there is to get out of a peculiar premise with promise : al pacino loathing robin williams .,1,1
263,the next generation of mob movie .,1,1
264,part three stooges .,1,1
265,"lan yu is at times too restrained , yet there are moments it captures the erotics of intimacy in a way that makes most american love stories look downright unfree .",1,1
266,a thinly veiled look at different aspects of chinese life clashing with each other .,1,1
267,which is n't to say that it 's the equal of some of its predecessors .,1,1
268,if this story must be told and retold -- and indeed it must -- then the grey zone is to be lauded for finding a new and ingenious angle .,1,2
269,"a gripping movie , played with performances that are all understated and touching .",2,2
270,"not the kind of film that will appeal to a mainstream american audience , but there is a certain charm about the film that makes it a suitable entry into the fest circuit .",2,2
271,"an artful , intelligent film that stays within the confines of a well-established genre .",2,2
272,"this is wild surreal stuff , but brilliant and the camera just kind of sits there and lets you look at this and its like you 're going from one room to the next and none of them have any relation to the other .",2,2
273,` a ' for creativity but comes across more as a sketch for a full-length comedy .,1,1
274,"if there 's one thing this world needs less of , it 's movies about college that are written and directed by people who could n't pass an entrance exam .",0,0
275,"in its best moments , resembles a bad high school production of grease , without benefit of song .",0,0
276,"christina ricci comedy about sympathy , hypocrisy and love is a misfire .",1,0
277,mom and dad can catch some quality naptime along the way .,1,1
278,taylor appears to have blown his entire budget on soundtrack rights and had nothing left over for jokes .,0,0
279,"it believes it 's revealing some great human truths , when , in reality , it 's churning ground that has long passed the point of being fertile .",1,1
280,it all drags on so interminably it 's like watching a miserable relationship unfold in real time .,0,0
281,"-lrb- t -rrb- here 's only so much anyone can do with a florid , overplotted , anne rice rock 'n' roll vampire novel before the built-in silliness of the whole affair defeats them .",0,0
282,"the techno tux is good for a few laughs , as are chan and hewitt , but when such a good design turns out to be a cheap knockoff , we ca n't recommend anything but a rental for the tuxedo .",1,1
283,i got a headache watching this meaningless downer .,0,0
284,"apart from dazzling cinematography , we 've seen just about everything in blue crush in one form or the other .",1,2
285,"van wilder does n't bring anything new to the proverbial table , but it does possess a coherence absent in recent crass-a-thons like tomcats , freddy got fingered , and slackers .",1,1
286,"the plot combines the blues brothers and almost famous -lrb- but with bears , and a g rating -rrb- , with an excruciating dollop of disney sentimentality mixed in for good measure .",1,1
287,no way i can believe this load of junk .,0,0
288,`` roger michell -lrb- '' notting hill `` -rrb- directs a morality thriller . '',1,2
289,"it 's dumb , but more importantly , it 's just not scary .",0,0
290,there is no pleasure in watching a child suffer .,0,0
291,just embarrassment and a vague sense of shame .,0,0
292,but is that knot from dramatic tension or a symptom of artistic malnutrition ?,1,0
293,"there 's just no currency in deriding james bond for being a clichéd , doddering , misogynistic boy 's club .",1,0
294,"when the film ended , i felt tired and drained and wanted to lie on my own deathbed for a while .",0,0
295,"full of witless jokes , dealing in broad stereotypes and outrageously unbelievable scenarios , and saddled with a general air of misogyny",1,0
296,"the film 's hackneyed message is not helped by the thin characterizations , nonexistent plot and pretentious visual style .",0,0
297,the iditarod lasts for days - this just felt like it did .,0,1
298,"it feels like an after-school special gussied up with some fancy special effects , and watching its rote plot points connect is about as exciting as gazing at an egg timer for 93 minutes .",0,2
299,it conveys a simple message in a visual style that is willfully overwrought .,1,0
300,why make a documentary about these marginal historical figures ?,0,0
301,"would n't one about their famous dad , author of death in venice , etc. , be more valuable ?",1,1
302,i had to look away - this was god awful .,0,0
303,"even in this less-than-magic kingdom , reese rules .",1,1
304,a movie that hovers somewhere between an acute character study and a trite power struggle .,1,1
305,involves two mysteries -- one it gives away and the other featuring such badly drawn characters that its outcome hardly matters .,0,0
306,an unclassifiably awful study in self - and audience-abuse .,0,0
307,"this movie is something of an impostor itself , stretching and padding its material in a blur of dead ends and distracting camera work .",0,0
308,hey arnold !,1,1
309,"the movie could have been made 40 years ago , and parents ' appreciation of it may depend on whether they consider that a good thing .",1,1
310,"this one is definitely one to skip , even for horror movie fanatics .",0,0
311,"it takes a strange kind of laziness to waste the talents of robert forster , anne meara , eugene levy , and reginald veljohnson all in the same movie .",0,0
312,we have n't seen such hilarity since say it is n't so !,2,2
313,"expect the same-old , lame-old slasher nonsense , just with different scenery .",0,0
314,the idea of 49-year-old roberto benigni playing the wooden boy pinocchio is scary enough .,1,1
315,the ga-zillionth airhead movie about a wife in distress who resorts to desperate measures .,1,1
316,"try as i may , i ca n't think of a single good reason to see this movie , even though everyone in my group extemporaneously shouted , ` thank you ! '",0,0
317,"while it 's nice to watch a movie that has n't been focus-grouped into tedium , yu 's cinematic alchemy produces nearly as much lead as gold .",1,2
318,it treats women like idiots .,0,0
319,"though catch me if you can is n't badly made , the fun slowly leaks out of the movie .",1,1
320,just an average comedic dateflick but not a waste of time .,1,1
321,the experience of going to a film festival is a rewarding one ; the experiencing of sampling one through this movie is not .,0,1
322,"the film takes the materials of human tragedy and dresses them in lovely costumes , southern california locations and star power .",1,2
323,almost gags on its own gore .,0,0
324,how do you spell cliché ?,0,1
325,"it 's sweet , harmless , dumb , occasionally funny and about as compelling as a fishing show .",1,2
326,the moviegoing equivalent of going to a dinner party and being forced to watch the host and hostess 's home video of their baby 's birth .,0,0
327,too much of it feels unfocused and underdeveloped .,0,0
328,under 15 ?,1,1
329,a giggle a minute .,2,1
330,over age 15 ?,1,1
331,big fat waste of time .,0,0
332,hey arnold !,1,1
333,"the movie is what happens when you blow up small potatoes to 10 times their natural size , and it ai n't pretty .",0,0
334,"this is not the undisputed worst boxing movie ever , but it 's certainly not a champion - the big loser is the audience .",0,0
335,"you really have to wonder how on earth anyone , anywhere could have thought they 'd make audiences guffaw with a script as utterly diabolical as this .",0,0
336,"well-nigh unendurable ... though the picture strains to become cinematic poetry , it remains depressingly prosaic and dull .",0,0
337,while much of the cast has charm -- especially allodi and nolden -- the performers are sunk by the film 's primitive approach to the mechanics of comedy .,1,1
338,this directorial debut from music video show-off higuchinsky is all flash .,1,1
339,"yes , ballistic is silly .",1,0
340,"unfortunately , it 's not silly fun unless you enjoy really bad movies .",0,0
341,"the twist that ends the movie is the one with the most emotional resonance , but twists are getting irritating , and this is the kind of material where the filmmakers should be very careful about raising eyebrows .",1,0
342,"not only unfunny , but downright repellent .",0,0
343,k-19 exploits our substantial collective fear of nuclear holocaust to generate cheap hollywood tension .,0,1
344,has a long and clunky ending ... which forces the audience to fidget through ten pseudo-serious minutes while waiting for the ending credits and the deleted scenes montage to break the audience 's awkward silence,1,0
345,"a ragbag of promising ideas and failed narrative , of good acting and plain old bad filmmaking .",1,0
346,"whaley 's determination to immerse you in sheer , unrelenting wretchedness is exhausting .",0,0
347,the plot convolutions ultimately add up to nothing more than jerking the audience 's chain .,0,0
348,confirms the nagging suspicion that ethan hawke would be even worse behind the camera than he is in front of it .,0,0
349,"it 's a trifle of a movie , with a few laughs surrounding an unremarkable soft center .",1,0
350,like you could n't smell this turkey rotting from miles away .,0,0
351,"if it 's seldom boring , well , it 's also rarely coherent .",1,0
352,simplistic fluff-ball of whimsy .,1,0
353,the kind of spectacularly misconceived enterprise that only a sophisticated cinephile could have perpetrated .,1,0
354,"makes for some truly odd , at times confusing , kids entertainment ... but at least this time there 's some centered storytelling to go along with all the weird stuff .",1,1
355,jacquot 's rendering of puccini 's tale of devotion and double-cross is more than just a filmed opera .,1,2
356,"in his first stab at the form , jacquot takes a slightly anarchic approach that works only sporadically .",1,1
357,"it 's as if you 're watching a movie that was made in 1978 but not released then because it was so weak , and it has been unearthed and released now , when it has become even weaker .",0,0
358,this is nothing but familiar territory .,1,1
359,"one of the more irritating cartoons you will see this , or any , year .",0,0
360,the film 's few ideas are stretched to the point of evaporation ; the whole central section is one big chase that seems to have no goal and no urgency .,0,0
361,"scores no points for originality , wit , or intelligence .",0,0
362,they takes a long time to get to its gasp-inducing ending .,1,1
363,barely gets off the ground .,1,0
364,"at its worst , it implodes in a series of very bad special effects .",0,0
365,"it takes a certain kind of horror movie to qualify as ` worse than expected , ' but ghost ship somehow manages to do exactly that .",0,0
366,"on the bright side , it contains jesse ventura 's best work since the xfl .",1,2
367,"despite impeccable acting ... and a script that takes some rather unexpected -lrb- even , at times , preposterous -rrb- turns , love is just too , too precious in the end .",1,1
368,"too often , the viewer is n't reacting to humor so much as they are wincing back in repugnance .",0,0
369,dilbert without the right-on satiric humor .,1,0
370,"in exactly 89 minutes , most of which passed as slowly as if i 'd been sitting naked on an igloo , formula 51 sank from quirky to jerky to utter turkey .",0,0
371,if only the story about a multi-million dollar con bothered to include the con .,1,0
372,"without the dark spookiness of crystal lake camp , the horror concept completely loses its creepy menace .",1,0
373,"it 's like every bad idea that 's ever gone into an after-school special compiled in one place , minus those daytime programs ' slickness and sophistication -lrb- and who knew they even had any ? -rrb- .",0,0
374,"to my taste , the film 's comic characters come perilously close to being amoses and andys for a new generation .",1,2
375,"it 's difficult to imagine the process that produced such a script , but here 's guessing that spray cheese and underarm noises played a crucial role .",0,1
376,harland williams is so funny in drag he should consider permanent sex-reassignment .,1,2
377,"a very long movie , dull in stretches , with entirely too much focus on meal preparation and igloo construction .",0,0
378,not an objectionable or dull film ; it merely lacks everything except good intentions .,0,0
379,a science-fiction pastiche so lacking in originality that if you stripped away its inspirations there would be precious little left .,0,0
380,"the words , ` frankly , my dear , i do n't give a damn , ' have never been more appropriate .",0,2
381,what 's next : `` my mother the car ? '',1,1
382,so unremittingly awful that labeling it a dog probably constitutes cruelty to canines .,0,0
383,"a perplexing example of promise unfulfilled , despite many charming moments .",1,0
384,"there 's something with potential here , but the movie decides , like lavinia , to go the conservative route .",1,1
385,it 's one pussy-ass world when even killer-thrillers revolve around group therapy sessions .,0,0
386,"the stripped-down approach does give the film a certain timeless quality , but the measured pace and lack of dramatic inflection can also seem tedious .",1,1
387,"but the power of these -lrb- subjects -rrb- is obscured by the majority of the film that shows a stationary camera on a subject that could be mistaken for giving a public oration , rather than contributing to a film 's narrative .",0,0
388,"paid in full is so stale , in fact , that its most vibrant scene is one that uses clips from brian de palma 's scarface .",0,0
389,"this re-do is so dumb and so exploitative in its violence that , ironically , it becomes everything that the rather clumsy original was railing against .",0,0
390,"an unpredictable blend of gal-pal smart talk , romantic comedy and dark tragedy that bites off considerably more than writer\/director john mckay can swallow .",1,2
391,`` the time machine '' is a movie that has no interest in itself .,0,0
392,"it does n't believe in itself , it has no sense of humor ... it 's just plain bored .",0,0
393,"a morose little soap opera about three vapid , insensitive people who take turns hurting each other .",1,0
394,it 's a feature-length adaptation of one of those `` can this marriage be saved ? '',1,1
395,columns from ladies home journal ...,1,1
396,the film 's essentially over by the meet-cute .,1,0
397,"i 'm sure if you 're a hartley fan , you might enjoy yourself ... me , i did n't care for it .",1,1
398,socrates motions for hemlock .,1,1
399,"walter hill 's pulpy , stylized boxing melodrama undisputed nearly overcomes its questionable in-the-ring match-up with solid fight choreography and gritty prison authenticity .",1,2
400,it 's hard to know whether or not to recommend this film because for every thing it does right there 's at least one and occasionally two things it gets ever so wrong .,1,0
401,"although there are several truly jolting scares , there 's also an abundance of hackneyed dialogue and more silly satanic business than you can shake a severed limb at .",1,0
402,star trek : nemesis meekly goes where nearly every star trek movie has gone before .,1,1
403,"wince-inducing dialogue , thrift-shop costumes , prosthetic makeup by silly putty and kmart blue-light-special effects all conspire to test trekkie loyalty .",0,0
404,"like all abstract art , the film does not make this statement in an easily accessible way , and -- unless prewarned -- it would be very possible for a reasonably intelligent person to sit through its tidal wave of imagery and not get this vision at all .",1,0
405,do n't be fooled by the impressive cast list - eye see you is pure junk .,0,0
406,not since freddy got fingered has a major release been so painful to sit through .,0,0
407,"the documentary does little , apart from raising the topic , to further stoke the conversation .",1,0
408,there can be no other explanation .,1,2
409,-lrb- a -rrb- shapeless blob of desperate entertainment .,0,0
410,"given how heavy-handed and portent-heavy it is , this could be the worst thing soderbergh has ever done .",0,0
411,"pretension , in its own way , is a form of bravery .",1,2
412,"with the exception of some fleetingly amusing improvisations by cedric the entertainer as perry 's boss , there is n't a redeeming moment here .",0,0
413,"-lrb- director -rrb- o'fallon manages to put some lovely pictures up on the big screen , but his skill at telling a story -- he also contributed to the screenplay -- falls short .",0,1
414,the intent is almost exactly the same -lrb- as the full monty -rrb- .,1,1
415,no one but a convict guilty of some truly heinous crime should have to sit through the master of disguise .,0,0
416,"it 's not without its pleasures , but i 'll stick with the tune .",1,1
417,more maudlin than sharp .,1,1
418,"it 's slow -- very , very slow .",0,0
419,"stealing harvard is evidence that the farrelly bros. -- peter and bobby -- and their brand of screen comedy are wheezing to an end , along with green 's half-hearted movie career .",0,0
420,"if you 're a wwf fan , or you related to the people who watched the robots getting butchered in a.i. , you 'll probably like rollerball .",1,2
421,i do n't think i laughed out loud once .,0,0
422,"and when you 're talking about a slapstick comedy , that 's a pretty big problem .",0,0
423,"slapstick buffoonery can tickle many a preschooler 's fancy , but when it costs a family of four about $ 40 to see a film in theaters , why spend money on a dog like this when you can rent a pedigree instead ?",0,1
424,... turns so unforgivably trite in its last 10 minutes that anyone without a fortified sweet tooth will likely go into sugar shock .,0,0
425,the notion that bombing buildings is the funniest thing in the world goes entirely unexamined in this startlingly unfunny comedy .,0,0
426,my reaction in a word : disappointment .,0,0
427,"his last movie was poetically romantic and full of indelible images , but his latest has nothing going for it .",0,1
428,"it kinda works and qualifies as cool at times , but is just too lame to work or be cool at others .",1,1
429,"feels haphazard , as if the writers mistakenly thought they could achieve an air of frantic spontaneity by simply tossing in lots of characters doing silly stuff and stirring the pot .",0,0
430,"the vintage is pure ' 87 , with a halfhearted twist on its cautionary message : fatal attraction = do n't have an affair with a nutjob ; unfaithful = do n't if you 're married to one .",1,1
431,a workshop mentality prevails .,1,1
432,"it can not be enjoyed , even on the level that one enjoys a bad slasher flick , primarily because it is dull .",0,0
433,"yes , dull .",0,0
434,pumpkin wants to have it both ways .,1,1
435,"this piece of channel 5 grade trash is , quite frankly , an insult to the intelligence of the true genre enthusiast .",0,0
436,a bloated gasbag thesis grotesquely impressed by its own gargantuan aura of self-importance ...,0,0
437,"it 's mighty tedious for the viewer who has to contend with unpleasant characters , hit-and-miss performances and awkwardly staged scenes .",1,0
438,"as a rumor of angels reveals itself to be a sudsy tub of supernatural hokum , not even ms. redgrave 's noblest efforts can redeem it from hopeless sentimentality .",0,0
439,new best friend 's playboy-mansion presentation of college life is laugh-out-loud ludicrous .,1,0
440,"scorsese at his best makes gangster films that are equally lovely but also relentlessly brutal and brutally intelligent ; perdition , meanwhile , reads more like driving miss daisy than goodfellas .",1,2
441,"while the script starts promisingly , it loses steam towards the middle and never really develops beyond attacking obvious target .",1,1
442,this is her blue lagoon .,1,1
443,has all the depth of a wading pool .,0,1
444,"the so-inept - it 's - surreal dubbing -lrb- featuring the voices of glenn close , regis philbin and breckin meyer -rrb- brings back memories of cheesy old godzilla flicks .",0,1
445,... the movie is just a plain old monster .,0,0
446,"if this disposable tissue has one wild card , it 's john turturro , who 's simply fab as a spanish butler with a foot fetish .",1,2
447,-lrb- leigh -rrb- lays it on so thick this time that it feels like a suicide race .,1,1
448,"professionally speaking , it 's tempting to jump ship in january to avoid ridiculous schlock like this shoddy suspense thriller .",0,0
449,"nelson 's brutally unsentimental approach ... sucks the humanity from the film , leaving behind an horrific but weirdly unemotional spectacle .",0,0
450,"weaves a spell over you , with its disturbingly close-up look at damaged psyches and its subtle undercurrents of danger .",1,2
451,but its awkward structure keeps breaking the spell .,1,1
452,"there 's a solid woman - finding-herself story somewhere in here , but you 'd have to dig pretty deep to uncover it .",1,1
453,"i still ca n't relate to stuart : he 's a mouse , for cryin ' out loud , and all he does is milk it with despondent eyes and whine that nobody treats him human enough .",1,0
454,"by the miserable standards to which the slasher genre has sunk , ... actually pretty good .",1,1
455,exactly what it claims to be -- a simple diversion for the kids .,1,2
456,a momentary escape from the summer heat and the sedentary doldrums that set in at this time of year .,1,1
457,... think of it as american pie on valium .,1,1
458,"dull , lifeless , and amateurishly assembled .",0,0
459,it 's a bad thing when a movie has about as much substance as its end credits blooper reel .,0,0
460,"some of it is clever , but it is never melodic \/",1,1
461,better to just call it abc kiarostami .,1,1
462,for aids and africa are nothing more than part of the scenery .,1,1
463,"this is a shameless sham , calculated to cash in on the popularity of its stars .",0,0
464,"manages to be somewhat well-acted , not badly art-directed and utterly unengaging no matter how hard it tries to be thrilling , touching or , yikes , uproarious .",1,1
465,"this rather superficial arthouse middle-brow film knows how to please a crowd , and that 's about all it does well .",1,1
466,"suffocated by its fussy script and uptight characters , this musty adaptation is all the more annoying since it 's been packaged and sold back to us by hollywood .",0,0
467,there are plot holes big enough for shamu the killer whale to swim through .,0,0
468,"nasty , ugly , pointless and depressing , even if you hate clowns .",1,0
469,"what is 100 % missing here is a script of even the most elemental literacy , an inkling of genuine wit , and anything resembling acting .",0,0
470,it uses the pain and violence of war as background material for color .,1,1
471,it 's everything you do n't go to the movies for .,0,1
472,the affectionate loopiness that once seemed congenital to demme 's perspective has a tough time emerging from between the badly dated cutesy-pie mystery scenario and the newfangled hollywood post-production effects .,0,1
473,"for all its technical virtuosity , the film is so mired in juvenile and near-xenophobic pedagogy that it 's enough to make one pine for the day when godard can no longer handle the rigors of filmmaking .",0,0
474,"... plot holes so large and obvious a marching band might as well be stomping through them in clown clothes , playing a college football fight song on untuned instruments .",0,0
475,so devoid of any kind of intelligible story that it makes films like xxx and collateral damage seem like thoughtful treatises,0,0
476,"dragonfly has no atmosphere , no tension -- nothing but costner , flailing away .",0,0
477,"nonsensical , dull `` cyber-horror '' flick is a grim , hollow exercise in flat scares and bad acting .",0,0
478,"instead of hiding pinocchio from critics , miramax should have hidden it from everyone .",0,0
479,manages to be both repulsively sadistic and mundane .,0,0
480,a great ensemble cast ca n't lift this heartfelt enterprise out of the familiar .,0,1
481,"there ought to be a directing license , so that ed burns can have his revoked .",0,1
482,"whereas last year 's exemplary sexy beast seemed to revitalize the british gangster movie , this equally brutal outing merely sustains it .",1,1
483,"green might want to hang onto that ski mask , as robbery may be the only way to pay for his next project .",0,1
484,a cheerful enough but imminently forgettable rip-off of -lrb- besson 's -rrb- earlier work .,1,0
485,"a lackluster , unessential sequel to the classic disney adaptation of j.m. barrie 's peter pan .",0,0
486,"samira makhmalbaf 's new film blackboards is much like the ethos of a stream of consciousness , although , it 's unfortunate for the viewer that the thoughts and reflections coming through are torpid and banal",0,1
487,let 's hope -- shall we ?,1,1
488,"in the end , the movie collapses on its shaky foundation despite the best efforts of director joe carnahan .",0,0
489,"sticky sweet sentimentality , clumsy plotting and a rosily myopic view of life in the wwii-era mississippi delta undermine this adaptation .",0,0
490,"partway through watching this saccharine , easter-egg-colored concoction , you realize that it is made up of three episodes of a rejected tv show .",0,0
491,"the actors are appealing , but elysian fields is idiotic and absurdly sentimental .",1,1
492,"as ` chick flicks ' go , this one is pretty miserable , resorting to string-pulling rather than legitimate character development and intelligent plotting .",0,0
493,the only excitement comes when the credits finally roll and you get to leave the theater .,0,0
494,"with an emotional sterility to match its outer space setting , soderbergh 's spectacular swing for the fence yields only a spectacular whiff .",1,0
495,"denis o'neill 's script avoids the prime sports cliche , a last-second goal to win the championship , but it neglects few others .",1,1
496,"the most hopelessly monotonous film of the year , noteworthy only for the gimmick of being filmed as a single unbroken 87-minute take .",0,0
497,"deadeningly dull , mired in convoluted melodrama , nonsensical jargon and stiff-upper-lip laboriousness .",0,0
498,"a misogynistic piece of filth that attempts to pass itself off as hip , young adult entertainment .",0,0
499,like the chelsea 's denizens ... burdette 's collage-form scenario tends to over-romanticize the spiritual desolation of the struggling artiste .,1,1
500,it 's basically an overlong episode of tales from the crypt .,1,1
501,i ca n't quite recommend it -- it 's too patched together -- but i almost can ; it 's the kind of movie that makes you want to like it .,1,2
502,"on the whole , the movie lacks wit , feeling and believability to compensate for its incessant coarseness and banality .",0,0
503,makes for a pretty unpleasant viewing experience .,0,0
504,very bad .,0,0
505,"stultifyingly , dumbfoundingly , mind-numbingly bad .",0,0
506,"the man from elysian fields is a cold , bliss-less work that groans along thinking itself some important comment on how life throws us some beguiling curves .",0,1
507,"the messages of compassion and mercy are clearly , squarely and specifically expounded via computer animated old testament tale of jonah and the whale .",1,2
508,historical dramas fused with love triangle is a well worn conceit .,1,1
509,long time dead ?,1,1
510,not nearly long enough .,1,0
511,nothing more substantial than a fitfully clever doodle .,1,2
512,"skins has a right to yawp , and we have a right to our grains of salt .",1,1
513,who needs love like this ?,1,2
514,"returning aggressively to his formula of dimwitted comedy and even dimmer characters , sandler , who also executive produces , has made a film that makes previous vehicles look smart and sassy .",1,2
515,exists then as an occasionally insightful acting exercise .,1,2
516,"trite , banal , cliched , mostly inoffensive .",0,1
517,"mattei is tiresomely grave and long-winded , as if circularity itself indicated profundity .",0,0
518,"whenever its story is n't bogged down by idiocy involving the cia and a lost u.s. satellite , hunter -- starring irwin and his american wife\/colleague , terri -- is a movie children should enjoy .",1,2
519,nothing in waking up in reno ever inspired me to think of its inhabitants as anything more than markers in a screenplay .,0,0
520,"as befits its title , this pg-13-rated piffle is ultimately as threatening as the snuggle fabric softener bear .",1,1
521,it all feels like a monty python sketch gone horribly wrong .,0,0
522,a beautifully made piece of unwatchable drivel .,1,1
523,like being trapped at a perpetual frat party ... how can something so gross be so boring ?,0,0
524,this is so bad .,0,0
525,"even film silliness needs a little gravity , beyond good hair and humping .",1,1
526,"i felt sad for lise not so much because of what happens as because she was captured by this movie when she obviously belongs in something lighter and sunnier , by rohmer , for example .",1,1
527,the heavy-handed film is almost laughable as a consequence .,0,0
528,van wilder brings a whole new meaning to the phrase ` comedy gag . ',1,2
529,"the humor is n't as sharp , the effects not as innovative , nor the story as imaginative as in the original .",0,0
530,even horror fans will most likely not find what they 're seeking with trouble every day ; the movie lacks both thrills and humor .,0,0
531,"comes off like a rejected abc afterschool special , freshened up by the dunce of a screenwriting 101 class .",0,0
532,"sometimes it feels as if it might have been made in the '70s or '80s , and starred chevy chase and goldie hawn .",1,2
